{
  "H": [
    1,
    3,
    7,
    14,
    28
  ],
  "PRAUC": {
    "index-only": [
      [
        0.10083036035198534,
        0.08653588526180474,
        0.08529170967687179,
        0.07933783105910441,
        0.08354876010674221
      ],
      [
        0.008026104752496795,
        0.018824461353108897,
        0.012913163563181965,
        0.005178707747963602,
        0.0028228814126135798
      ]
    ],
    "+teleconnections": [
      [
        0.12710968310917567,
        0.08434097463958938,
        0.09450841902739536,
        0.09814630359178896,
        0.0907083154288228
      ],
      [
        0.002566099044313324,
        0.012590199179960434,
        0.006936217381777477,
        0.0037145996497938275,
        0.010204095511029184
      ]
    ],
    "+ERA5": [
      [
        0.16389901505267382,
        0.08927688191234444,
        0.07567868834971431,
        0.07259014604716135,
        0.08076140875672282
      ],
      [
        0.0042988559869352,
        0.014559685809273163,
        0.003936785822911305,
        0.006717847985757377,
        0.00543079478559161
      ]
    ]
  },
  "COV": {
    "index-only": [
      0.8890105878057685,
      0.890197152245345,
      0.8912924424972618,
      0.8924790069368381,
      0.8924790069368383
    ],
    "+teleconnections": [
      0.8904709748083243,
      0.8882803943044907,
      0.8933917488134355,
      0.8899233296823659,
      0.8901971522453449
    ],
    "+ERA5": [
      0.8863636363636364,
      0.8806133625410734,
      0.8823475721066082,
      0.8736765242789338,
      0.8754107338444688
    ]
  },
  "PREV": 0.0577765591442585
}